[
    {
     "castName": "BC-A",
     "subCastName": "Aasadula"
    },
    {
     "castName": "BC-A",
     "subCastName": "Agnikulakshatriya"
    },
    {
     "castName": "BC-A",
     "subCastName": "Asadula"
    },
    {
     "castName": "BC-A",
     "subCastName": "Bahurupi"
    },
    {
     "castName": "BC-A",
     "subCastName": "Balasanthu"
    },
    {
     "castName": "BC-A",
     "subCastName": "Banda"
    },
    {
     "castName": "BC-A",
     "subCastName": "Bandara"
    },
    {
     "castName": "BC-A",
     "subCastName": "Bedar"
    },
    {
     "castName": "BC-A",
     "subCastName": "Bestha"
    },
    {
     "castName": "BC-A",
     "subCastName": "Bhajantri "
    },
    {
     "castName": "BC-A",
     "subCastName": "Boya"
    },
    {
     "castName": "BC-A",
     "subCastName": "Budabukkala"
    },
    {
     "castName": "BC-A",
     "subCastName": "Bukkaayyavars "
    },
    {
     "castName": "BC-A",
     "subCastName": "Chakali"
    },
    {
     "castName": "BC-A",
     "subCastName": "Chopemari"
    },
    {
     "castName": "BC-A",
     "subCastName": "Chunduvallu"
    },
    {
     "castName": "BC-A",
     "subCastName": "Damala"
    },
    {
     "castName": "BC-A",
     "subCastName": "Dammala"
    },
    {
     "castName": "BC-A",
     "subCastName": "Dammali"
    },
    {
     "castName": "BC-A",
     "subCastName": "Dammula"
    },
    {
     "castName": "BC-A",
     "subCastName": "Dasari"
    },
    {
     "castName": "BC-A",
     "subCastName": "Devaravandlu"
    },
    {
     "castName": "BC-A",
     "subCastName": "Dommara"
    },
    {
     "castName": "BC-A",
     "subCastName": "Ekila"
    },
    {
     "castName": "BC-A",
     "subCastName": "Ekiri"
    },
    {
     "castName": "BC-A",
     "subCastName": "Gangaputra"
    },
    {
     "castName": "BC-A",
     "subCastName": "Gangavar"
    },
    {
     "castName": "BC-A",
     "subCastName": "Gangiredlavaru"
    },
    {
     "castName": "BC-A",
     "subCastName": "Goondla"
    },
    {
     "castName": "BC-A",
     "subCastName": "Gotrala"
    },
    {
     "castName": "BC-A",
     "subCastName": "Gudala"
    },
    {
     "castName": "BC-A",
     "subCastName": "Jalari"
    },
    {
     "castName": "BC-A",
     "subCastName": "Jangam"
    },
    {
     "castName": "BC-A",
     "subCastName": "Jogi"
    },
    {
     "castName": "BC-A",
     "subCastName": "Joshinandiwalas"
    },
    {
     "castName": "BC-A",
     "subCastName": "Kaikadi"
    },
    {
     "castName": "BC-A",
     "subCastName": "Kalinga"
    },
    {
     "castName": "BC-A",
     "subCastName": "Kanjara-bhatta"
    },
    {
     "castName": "BC-A",
     "subCastName": "Kasikapadi"
    },
    {
     "castName": "BC-A",
     "subCastName": "Kasikapudi"
    },
    {
     "castName": "BC-A",
     "subCastName": "Katipapala"
    },
    {
     "castName": "BC-A",
     "subCastName": "Kavali"
    },
    {
     "castName": "BC-A",
     "subCastName": "Kepmare"
    },
    {
     "castName": "BC-A",
     "subCastName": "Keuta"
    },
    {
     "castName": "BC-A",
     "subCastName": "Keviti"
    },
    {
     "castName": "BC-A",
     "subCastName": "Kevuto"
    },
    {
     "castName": "BC-A",
     "subCastName": "Kirataka"
    },
    {
     "castName": "BC-A",
     "subCastName": "Korcha"
    },
    {
     "castName": "BC-A",
     "subCastName": "Kunapuli"
    },
    {
     "castName": "BC-A",
     "subCastName": "Kurakula"
    },
    {
     "castName": "BC-A",
     "subCastName": "Mahendra"
    },
    {
     "castName": "BC-A",
     "subCastName": "Mandula"
    },
    {
     "castName": "BC-A",
     "subCastName": "Mangala"
    },
    {
     "castName": "BC-A",
     "subCastName": "Mangali"
    },
    {
     "castName": "BC-A",
     "subCastName": "Medari"
    },
    {
     "castName": "BC-A",
     "subCastName": "Mehtar (muslim) "
    },
    {
     "castName": "BC-A",
     "subCastName": "Mondibanda"
    },
    {
     "castName": "BC-A",
     "subCastName": "Mondipatta"
    },
    {
     "castName": "BC-A",
     "subCastName": "Mondivaru"
    },
    {
     "castName": "BC-A",
     "subCastName": "Mutyalammavandlu"
    },
    {
     "castName": "BC-A",
     "subCastName": "Nayanivaru"
    },
    {
     "castName": "BC-A",
     "subCastName": "Nayi-brahmin"
    },
    {
     "castName": "BC-A",
     "subCastName": "Nettikotala"
    },
    {
     "castName": "BC-A",
     "subCastName": "Neyyala"
    },
    {
     "castName": "BC-A",
     "subCastName": "Nirshikari"
    },
    {
     "castName": "BC-A",
     "subCastName": "Nishadi"
    },
    {
     "castName": "BC-A",
     "subCastName": "Nokkar"
    },
    {
     "castName": "BC-A",
     "subCastName": "Odde"
    },
    {
     "castName": "BC-A",
     "subCastName": "Oddilu"
    },
    {
     "castName": "BC-A",
     "subCastName": "Pala-Ekari"
    },
    {
     "castName": "BC-A",
     "subCastName": "Palegaru"
    },
    {
     "castName": "BC-A",
     "subCastName": "Palli"
    },
    {
     "castName": "BC-A",
     "subCastName": "Pallikapu"
    },
    {
     "castName": "BC-A",
     "subCastName": "Pallireddi"
    },
    {
     "castName": "BC-A",
     "subCastName": "Pamula"
    },
    {
     "castName": "BC-A",
     "subCastName": "Pardhi"
    },
    {
     "castName": "BC-A",
     "subCastName": "Pariki Muggula"
    },
    {
     "castName": "BC-A",
     "subCastName": "Patra "
    },
    {
     "castName": "BC-A",
     "subCastName": "Pattapu"
    },
    {
     "castName": "BC-A",
     "subCastName": "Peddaboya"
    },
    {
     "castName": "BC-A",
     "subCastName": "Peddammavandlu"
    },
    {
     "castName": "BC-A",
     "subCastName": "PICHIGUNTLA"
    },
    {
     "castName": "BC-A",
     "subCastName": "Pondara"
    },
    {
     "castName": "BC-A",
     "subCastName": "Poosala"
    },
    {
     "castName": "BC-A",
     "subCastName": "Rajaka"
    },
    {
     "castName": "BC-A",
     "subCastName": "Rajannala"
    },
    {
     "castName": "BC-A",
     "subCastName": "Rajannalu"
    },
    {
     "castName": "BC-A",
     "subCastName": "Reddika"
    },
    {
     "castName": "BC-A",
     "subCastName": "Saikalgar"
    },
    {
     "castName": "BC-A",
     "subCastName": "Samanthula"
    },
    {
     "castName": "BC-A",
     "subCastName": "Samntha"
    },
    {
     "castName": "BC-A",
     "subCastName": "Sauntia"
    },
    {
     "castName": "BC-A",
     "subCastName": "Siddula"
    },
    {
     "castName": "BC-A",
     "subCastName": "Sikligar"
    },
    {
     "castName": "BC-A",
     "subCastName": "Sountia"
    },
    {
     "castName": "BC-A",
     "subCastName": "Talari"
    },
    {
     "castName": "BC-A",
     "subCastName": "Tolagari"
    },
    {
     "castName": "BC-A",
     "subCastName": "Vadabalija"
    },
    {
     "castName": "BC-A",
     "subCastName": "Vaddelu"
    },
    {
     "castName": "BC-A",
     "subCastName": "Vaddera"
    },
    {
     "castName": "BC-A",
     "subCastName": "Vaddi"
    },
    {
     "castName": "BC-A",
     "subCastName": "Valmiki"
    },
    {
     "castName": "BC-A",
     "subCastName": "Valmiki, Boya"
    },
    {
     "castName": "BC-A",
     "subCastName": "Vamsharaj"
    },
    {
     "castName": "BC-A",
     "subCastName": "Vannar"
    },
    {
     "castName": "BC-A",
     "subCastName": "Vannekapu"
    },
    {
     "castName": "BC-A",
     "subCastName": "Vannereddi"
    },
    {
     "castName": "BC-A",
     "subCastName": "Vanyakulakshatriya"
    },
    {
     "castName": "BC-A",
     "subCastName": "Veerabhadreeya"
    },
    {
     "castName": "BC-A",
     "subCastName": "Veeramushti"
    },
    {
     "castName": "BC-A",
     "subCastName": "Vyakula"
    },
    {
     "castName": "BC-A",
     "subCastName": "Yata"
    },
    {
     "castName": "BC-A",
     "subCastName": "Yellammavandlu"
    },
    {
     "castName": "BC-A",
     "subCastName": "Yellapi"
    },
    {
     "castName": "BC-B",
     "subCastName": "Achukatlavandlu"
    },
    {
     "castName": "BC-B",
     "subCastName": "Arakalies "
    },
    {
     "castName": "BC-B",
     "subCastName": "Are Marathi "
    },
    {
     "castName": "BC-B",
     "subCastName": "Aryakshatriya"
    },
    {
     "castName": "BC-B",
     "subCastName": "Ausula"
    },
    {
     "castName": "BC-B",
     "subCastName": "Bhadbhunja"
    },
    {
     "castName": "BC-B",
     "subCastName": "Bhunjwa"
    },
    {
     "castName": "BC-B",
     "subCastName": "Bondili "
    },
    {
     "castName": "BC-B",
     "subCastName": "Budubunjala"
    },
    {
     "castName": "BC-B",
     "subCastName": "Chitrakara"
    },
    {
     "castName": "BC-B",
     "subCastName": "Chittari"
    },
    {
     "castName": "BC-B",
     "subCastName": "Devanga"
    },
    {
     "castName": "BC-B",
     "subCastName": "Devathilakula"
    },
    {
     "castName": "BC-B",
     "subCastName": "Dudekula"
    },
    {
     "castName": "BC-B",
     "subCastName": "Ediga"
    },
    {
     "castName": "BC-B",
     "subCastName": "Gamalla"
    },
    {
     "castName": "BC-B",
     "subCastName": "Gandla"
    },
    {
     "castName": "BC-B",
     "subCastName": "Giniyar"
    },
    {
     "castName": "BC-B",
     "subCastName": "Goud"
    },
    {
     "castName": "BC-B",
     "subCastName": "Goundla"
    },
    {
     "castName": "BC-B",
     "subCastName": "Gowda"
    },
    {
     "castName": "BC-B",
     "subCastName": "Gudia"
    },
    {
     "castName": "BC-B",
     "subCastName": "Gudiya"
    },
    {
     "castName": "BC-B",
     "subCastName": "Jandra"
    },
    {
     "castName": "BC-B",
     "subCastName": "Kaikala"
    },
    {
     "castName": "BC-B",
     "subCastName": "Kaikolan"
    },
    {
     "castName": "BC-B",
     "subCastName": "Kalalee"
    },
    {
     "castName": "BC-B",
     "subCastName": "Kammari"
    },
    {
     "castName": "BC-B",
     "subCastName": "Kamsali"
    },
    {
     "castName": "BC-B",
     "subCastName": "Kanchari"
    },
    {
     "castName": "BC-B",
     "subCastName": "Karikalabhakthulu"
    },
    {
     "castName": "BC-B",
     "subCastName": "Karnabhakthulu"
    },
    {
     "castName": "BC-B",
     "subCastName": "Khatri"
    },
    {
     "castName": "BC-B",
     "subCastName": "Kulala"
    },
    {
     "castName": "BC-B",
     "subCastName": "Kummara"
    },
    {
     "castName": "BC-B",
     "subCastName": "Kunchiti"
    },
    {
     "castName": "BC-B",
     "subCastName": "Kunchitiga"
    },
    {
     "castName": "BC-B",
     "subCastName": "Kurni"
    },
    {
     "castName": "BC-B",
     "subCastName": "Kuruba"
    },
    {
     "castName": "BC-B",
     "subCastName": "Kuruma"
    },
    {
     "castName": "BC-B",
     "subCastName": "Laddaf"
    },
    {
     "castName": "BC-B",
     "subCastName": "Lodh "
    },
    {
     "castName": "BC-B",
     "subCastName": "Lodha"
    },
    {
     "castName": "BC-B",
     "subCastName": "Lodhi"
    },
    {
     "castName": "BC-B",
     "subCastName": "Maratha (Non-Brahmins)"
    },
    {
     "castName": "BC-B",
     "subCastName": "Nagavaddilu"
    },
    {
     "castName": "BC-B",
     "subCastName": "Nakhas"
    },
    {
     "castName": "BC-B",
     "subCastName": "Neelakanthi"
    },
    {
     "castName": "BC-B",
     "subCastName": "Neeli"
    },
    {
     "castName": "BC-B",
     "subCastName": "Nessi"
    },
    {
     "castName": "BC-B",
     "subCastName": "Noorbash"
    },
    {
     "castName": "BC-B",
     "subCastName": "Padmasali"
    },
    {
     "castName": "BC-B",
     "subCastName": "Patkar"
    },
    {
     "castName": "BC-B",
     "subCastName": "Pattusali"
    },
    {
     "castName": "BC-B",
     "subCastName": "Perika (Perike Balija, Puragiri Kshatriya)"
    },
    {
     "castName": "BC-B",
     "subCastName": "Pinjari"
    },
    {
     "castName": "BC-B",
     "subCastName": "Puragiri Kshatriya"
    },
    {
     "castName": "BC-B",
     "subCastName": "Sali"
    },
    {
     "castName": "BC-B",
     "subCastName": "Salivahana"
    },
    {
     "castName": "BC-B",
     "subCastName": "Salivan"
    },
    {
     "castName": "BC-B",
     "subCastName": "Sangunther"
    },
    {
     "castName": "BC-B",
     "subCastName": "Segidi"
    },
    {
     "castName": "BC-B",
     "subCastName": "Senapathulu"
    },
    {
     "castName": "BC-B",
     "subCastName": "Sengundam"
    },
    {
     "castName": "BC-B",
     "subCastName": "Settibalija"
    },
    {
     "castName": "BC-B",
     "subCastName": "Silpis"
    },
    {
     "castName": "BC-B",
     "subCastName": "Srisayana"
    },
    {
     "castName": "BC-B",
     "subCastName": "Surabhi Natakalavallu"
    },
    {
     "castName": "BC-B",
     "subCastName": "Swakulasali"
    },
    {
     "castName": "BC-B",
     "subCastName": "Telikula"
    },
    {
     "castName": "BC-B",
     "subCastName": "Thogata"
    },
    {
     "castName": "BC-B",
     "subCastName": "Thogata Sali"
    },
    {
     "castName": "BC-B",
     "subCastName": "Thogata Veera Kshatriya"
    },
    {
     "castName": "BC-B",
     "subCastName": "Thogati"
    },
    {
     "castName": "BC-B",
     "subCastName": "Vadla"
    },
    {
     "castName": "BC-B",
     "subCastName": "Vadra"
    },
    {
     "castName": "BC-B",
     "subCastName": "Vadrangi"
    },
    {
     "castName": "BC-B",
     "subCastName": "Vakkaliga"
    },
    {
     "castName": "BC-B",
     "subCastName": "Vakkaligara"
    },
    {
     "castName": "BC-B",
     "subCastName": "Viswabrahmin"
    },
    {
     "castName": "BC-B",
     "subCastName": "Viswakarma"
    },
    {
     "castName": "BC-C",
     "subCastName": "Converted Christian"
    },
    {
     "castName": "BC-C",
     "subCastName": "Dalit Christian"
    },
    {
     "castName": "BC-C",
     "subCastName": "Mala Converted Christian"
    },
    {
     "castName": "BC-C",
     "subCastName": "Scheduled Castes Converts to Christianity"
    },
    {
     "castName": "BC-C",
     "subCastName": "SCs Converted To Christian"
    },
    {
     "castName": "BC-D",
     "subCastName": "Agaru"
    },
    {
     "castName": "BC-D",
     "subCastName": "Arava"
    },
    {
     "castName": "BC-D",
     "subCastName": "Are"
    },
    {
     "castName": "BC-D",
     "subCastName": "Are-katika"
    },
    {
     "castName": "BC-D",
     "subCastName": "Are-Suryavamsi "
    },
    {
     "castName": "BC-D",
     "subCastName": "Arevallu"
    },
    {
     "castName": "BC-D",
     "subCastName": "Arollu"
    },
    {
     "castName": "BC-D",
     "subCastName": "Atagara"
    },
    {
     "castName": "BC-D",
     "subCastName": "Atirasa"
    },
    {
     "castName": "BC-D",
     "subCastName": "Ayyaraka"
    },
    {
     "castName": "BC-D",
     "subCastName": "Bare"
    },
    {
     "castName": "BC-D",
     "subCastName": "Baria"
    },
    {
     "castName": "BC-D",
     "subCastName": "Beri Chetty"
    },
    {
     "castName": "BC-D",
     "subCastName": "Beri Vysya"
    },
    {
     "castName": "BC-D",
     "subCastName": "Bhatraju"
    },
    {
     "castName": "BC-D",
     "subCastName": "Bhavasara Kshatriya"
    },
    {
     "castName": "BC-D",
     "subCastName": "Bukka"
    },
    {
     "castName": "BC-D",
     "subCastName": "Chattada Sri Vaishnava"
    },
    {
     "castName": "BC-D",
     "subCastName": "Chippolu"
    },
    {
     "castName": "BC-D",
     "subCastName": "Dasari"
    },
    {
     "castName": "BC-D",
     "subCastName": "GajulaKapu"
    },
    {
     "castName": "BC-D",
     "subCastName": "Ganika"
    },
    {
     "castName": "BC-D",
     "subCastName": "Gavara"
    },
    {
     "castName": "BC-D",
     "subCastName": "Godaba"
    },
    {
     "castName": "BC-D",
     "subCastName": "Golla"
    },
    {
     "castName": "BC-D",
     "subCastName": "Hatkar"
    },
    {
     "castName": "BC-D",
     "subCastName": "Jakkala"
    },
    {
     "castName": "BC-D",
     "subCastName": "Jingar"
    },
    {
     "castName": "BC-D",
     "subCastName": "Kachi"
    },
    {
     "castName": "BC-D",
     "subCastName": "Kalavanthula"
    },
    {
     "castName": "BC-D",
     "subCastName": "Kalinga Komati \/ Kalinga Vysya"
    },
    {
     "castName": "BC-D",
     "subCastName": "Kandra"
    },
    {
     "castName": "BC-D",
     "subCastName": "Katika"
    },
    {
     "castName": "BC-D",
     "subCastName": "Koppulavelama"
    },
    {
     "castName": "BC-D",
     "subCastName": "Koshti"
    },
    {
     "castName": "BC-D",
     "subCastName": "Krishnabalija"
    },
    {
     "castName": "BC-D",
     "subCastName": "Kurmi"
    },
    {
     "castName": "BC-D",
     "subCastName": "Lakkamari Kapu"
    },
    {
     "castName": "BC-D",
     "subCastName": "Lingabalija"
    },
    {
     "castName": "BC-D",
     "subCastName": "Mali"
    },
    {
     "castName": "BC-D",
     "subCastName": "Marar"
    },
    {
     "castName": "BC-D",
     "subCastName": "Mathura"
    },
    {
     "castName": "BC-D",
     "subCastName": "Mera"
    },
    {
     "castName": "BC-D",
     "subCastName": "Mudaliar"
    },
    {
     "castName": "BC-D",
     "subCastName": "Mudaliar Agamudimudaliar"
    },
    {
     "castName": "BC-D",
     "subCastName": "Mudaliar Agamudivellalar"
    },
    {
     "castName": "BC-D",
     "subCastName": "Mudaliar Aghamudian"
    },
    {
     "castName": "BC-D",
     "subCastName": "Mudaliar Aghamudiar"
    },
    {
     "castName": "BC-D",
     "subCastName": "Mudaliar Thuluva Vellalas"
    },
    {
     "castName": "BC-D",
     "subCastName": "Mudiraj"
    },
    {
     "castName": "BC-D",
     "subCastName": "Munnurukapu(Telangana)"
    },
    {
     "castName": "BC-D",
     "subCastName": "Mutrasi"
    },
    {
     "castName": "BC-D",
     "subCastName": "Nagaralu"
    },
    {
     "castName": "BC-D",
     "subCastName": "Nagavamsa"
    },
    {
     "castName": "BC-D",
     "subCastName": "Nagavamsam"
    },
    {
     "castName": "BC-D",
     "subCastName": "Passi"
    },
    {
     "castName": "BC-D",
     "subCastName": "Polinativelmas"
    },
    {
     "castName": "BC-D",
     "subCastName": "Poosala"
    },
    {
     "castName": "BC-D",
     "subCastName": "Rangrez"
    },
    {
     "castName": "BC-D",
     "subCastName": "Sadara"
    },
    {
     "castName": "BC-D",
     "subCastName": "Sadaru"
    },
    {
     "castName": "BC-D",
     "subCastName": "Sadhuchetty"
    },
    {
     "castName": "BC-D",
     "subCastName": "Sagara"
    },
    {
     "castName": "BC-D",
     "subCastName": "Satani"
    },
    {
     "castName": "BC-D",
     "subCastName": "Sista karanam"
    },
    {
     "castName": "BC-D",
     "subCastName": "Sistakaranam "
    },
    {
     "castName": "BC-D",
     "subCastName": "Sondi "
    },
    {
     "castName": "BC-D",
     "subCastName": "Sundi "
    },
    {
     "castName": "BC-D",
     "subCastName": "Suryabalija"
    },
    {
     "castName": "BC-D",
     "subCastName": "Tamboli"
    },
    {
     "castName": "BC-D",
     "subCastName": "Tammali (Non-brahmins)"
    },
    {
     "castName": "BC-D",
     "subCastName": "Tenugollu"
    },
    {
     "castName": "BC-D",
     "subCastName": "Thoorpu Kapu"
    },
    {
     "castName": "BC-D",
     "subCastName": "Turupu kapu"
    },
    {
     "castName": "BC-D",
     "subCastName": "Uppara"
    },
    {
     "castName": "BC-D",
     "subCastName": "Vanjara"
    },
    {
     "castName": "BC-D",
     "subCastName": "Vanjari"
    },
    {
     "castName": "BC-D",
     "subCastName": "Varala  "
    },
    {
     "castName": "BC-D",
     "subCastName": "Veerashaiva Lingayat\/Lingabalija"
    },
    {
     "castName": "BC-D",
     "subCastName": "Yadava"
    },
    {
     "castName": "BC-E",
     "subCastName": "Achchukattuvaru"
    },
    {
     "castName": "BC-E",
     "subCastName": "Achchupanivallu"
    },
    {
     "castName": "BC-E",
     "subCastName": "Achukatlavandlu"
    },
    {
     "castName": "BC-E",
     "subCastName": "Attar Saibulu"
    },
    {
     "castName": "BC-E",
     "subCastName": "Attarollu"
    },
    {
     "castName": "BC-E",
     "subCastName": "Bonthala"
    },
    {
     "castName": "BC-E",
     "subCastName": "Borewale"
    },
    {
     "castName": "BC-E",
     "subCastName": "Chakalas"
    },
    {
     "castName": "BC-E",
     "subCastName": "Chakketakare"
    },
    {
     "castName": "BC-E",
     "subCastName": "Chakkitakanevale"
    },
    {
     "castName": "BC-E",
     "subCastName": "Darvesh"
    },
    {
     "castName": "BC-E",
     "subCastName": "Deera Phakirlu"
    },
    {
     "castName": "BC-E",
     "subCastName": "Dhobi Musalman"
    },
    {
     "castName": "BC-E",
     "subCastName": "Dhobi Muslim"
    },
    {
     "castName": "BC-E",
     "subCastName": "Elugu Bantuvallu"
    },
    {
     "castName": "BC-E",
     "subCastName": "Fakeer"
    },
    {
     "castName": "BC-E",
     "subCastName": "Faqir"
    },
    {
     "castName": "BC-E",
     "subCastName": "Fhaakir Budbudki"
    },
    {
     "castName": "BC-E",
     "subCastName": "Garadi Muslim"
    },
    {
     "castName": "BC-E",
     "subCastName": "Garadi Saibulu"
    },
    {
     "castName": "BC-E",
     "subCastName": "Garadiga "
    },
    {
     "castName": "BC-E",
     "subCastName": "Garadollu"
    },
    {
     "castName": "BC-E",
     "subCastName": "Ghanta Fhakirlu"
    },
    {
     "castName": "BC-E",
     "subCastName": "Ghanti Fhakir"
    },
    {
     "castName": "BC-E",
     "subCastName": "Gosangi Muslim"
    },
    {
     "castName": "BC-E",
     "subCastName": "Guddi Eluguvallu"
    },
    {
     "castName": "BC-E",
     "subCastName": "Habshi"
    },
    {
     "castName": "BC-E",
     "subCastName": "Hajam"
    },
    {
     "castName": "BC-E",
     "subCastName": "Jasi"
    },
    {
     "castName": "BC-E",
     "subCastName": "Kakkukotte "
    },
    {
     "castName": "BC-E",
     "subCastName": "Kani-Kattuvallu"
    },
    {
     "castName": "BC-E",
     "subCastName": "Khasab"
    },
    {
     "castName": "BC-E",
     "subCastName": "Khatik Muslim"
    },
    {
     "castName": "BC-E",
     "subCastName": "Khureshi"
    },
    {
     "castName": "BC-E",
     "subCastName": "Kureshi"
    },
    {
     "castName": "BC-E",
     "subCastName": "Labba"
    },
    {
     "castName": "BC-E",
     "subCastName": "Labbai"
    },
    {
     "castName": "BC-E",
     "subCastName": "Labbi"
    },
    {
     "castName": "BC-E",
     "subCastName": "Labbon"
    },
    {
     "castName": "BC-E",
     "subCastName": "Marati Khasab"
    },
    {
     "castName": "BC-E",
     "subCastName": "Mohemmed"
    },
    {
     "castName": "BC-E",
     "subCastName": "Musalman Keelu Gurralavallu"
    },
    {
     "castName": "BC-E",
     "subCastName": "Muslim Dhobi"
    },
    {
     "castName": "BC-E",
     "subCastName": "Muslim Katika"
    },
    {
     "castName": "BC-E",
     "subCastName": "Muslim Rajakas"
    },
    {
     "castName": "BC-E",
     "subCastName": "Muslim Shaik"
    },
    {
     "castName": "BC-E",
     "subCastName": "Nai"
    },
    {
     "castName": "BC-E",
     "subCastName": "Nai Muslim"
    },
    {
     "castName": "BC-E",
     "subCastName": "Navid"
    },
    {
     "castName": "BC-E",
     "subCastName": "Other Muslims Groups(excluding Syed,Saiyed,Sayyad,Mushaik,Mughal,Moghal,Pathans,Irani,Arab,Bohara,Bohra,Shia Imami Ismaili,Khoja,Cutchi - Memon,Jamayat,Navayat)"
    },
    {
     "castName": "BC-E",
     "subCastName": "Pakeerla"
    },
    {
     "castName": "BC-E",
     "subCastName": "Pamulavallu"
    },
    {
     "castName": "BC-E",
     "subCastName": "Pattar Phodulu"
    },
    {
     "castName": "BC-E",
     "subCastName": "Phakeer Sayebulu"
    },
    {
     "castName": "BC-E",
     "subCastName": "Qureshi"
    },
    {
     "castName": "BC-E",
     "subCastName": "Rollaku Kakku Kottevaru"
    },
    {
     "castName": "BC-E",
     "subCastName": "Sakalas "
    },
    {
     "castName": "BC-E",
     "subCastName": "Shaik"
    },
    {
     "castName": "BC-E",
     "subCastName": "Sheikh"
    },
    {
     "castName": "BC-E",
     "subCastName": "Siddi"
    },
    {
     "castName": "BC-E",
     "subCastName": "Singamavallu"
    },
    {
     "castName": "BC-E",
     "subCastName": "Terugadu Gontalavaru"
    },
    {
     "castName": "BC-E",
     "subCastName": "Thirugatigantla"
    },
    {
     "castName": "BC-E",
     "subCastName": "Thuraka Kasha"
    },
    {
     "castName": "BC-E",
     "subCastName": "Tsakalas"
    },
    {
     "castName": "BC-E",
     "subCastName": "Tulukka Vannan"
    },
    {
     "castName": "BC-E",
     "subCastName": "Turaka Budbudki"
    },
    {
     "castName": "BC-E",
     "subCastName": "Turaka Chakali"
    },
    {
     "castName": "BC-E",
     "subCastName": "Turaka Kasha"
    },
    {
     "castName": "BC-E",
     "subCastName": "Turka Chakla  "
    },
    {
     "castName": "BC-E",
     "subCastName": "Turka Sakala"
    },
    {
     "castName": "BC-E",
     "subCastName": "Yaba"
    },
    {
     "castName": "BC-E",
     "subCastName": "Zinka Saibulu"
    },
    {
     "castName": "OC",
     "subCastName": "Acharyulu"
    },
    {
     "castName": "OC",
     "subCastName": "Adi Velama"
    },
    {
     "castName": "OC",
     "subCastName": "Agarwal"
    },
    {
     "castName": "OC",
     "subCastName": "Aiyangar"
    },
    {
     "castName": "OC",
     "subCastName": "Anglo-Indian Community"
    },
    {
     "castName": "OC",
     "subCastName": "Arava Balija"
    },
    {
     "castName": "OC",
     "subCastName": "Arava Naidu"
    },
    {
     "castName": "OC",
     "subCastName": "Aravala"
    },
    {
     "castName": "OC",
     "subCastName": "Archakulu"
    },
    {
     "castName": "OC",
     "subCastName": "Are"
    },
    {
     "castName": "OC",
     "subCastName": "Arjun"
    },
    {
     "castName": "OC",
     "subCastName": "Arva Kapu"
    },
    {
     "castName": "OC",
     "subCastName": "Arva Reddy"
    },
    {
     "castName": "OC",
     "subCastName": "Aryamarati"
    },
    {
     "castName": "OC",
     "subCastName": "Aryulu"
    },
    {
     "castName": "OC",
     "subCastName": "Ayyarukula"
    },
    {
     "castName": "OC",
     "subCastName": "Ayyawarlu"
    },
    {
     "castName": "OC",
     "subCastName": "Babaji"
    },
    {
     "castName": "OC",
     "subCastName": "Bagateyulu"
    },
    {
     "castName": "OC",
     "subCastName": "Baldar"
    },
    {
     "castName": "OC",
     "subCastName": "Balija"
    },
    {
     "castName": "OC",
     "subCastName": "Banagali"
    },
    {
     "castName": "OC",
     "subCastName": "Banja"
    },
    {
     "castName": "OC",
     "subCastName": "Barji"
    },
    {
     "castName": "OC",
     "subCastName": "Battini"
    },
    {
     "castName": "OC",
     "subCastName": "Battula"
    },
    {
     "castName": "OC",
     "subCastName": "BC Vani"
    },
    {
     "castName": "OC",
     "subCastName": "Beda Jangama"
    },
    {
     "castName": "OC",
     "subCastName": "Beg"
    },
    {
     "castName": "OC",
     "subCastName": "Belpuri"
    },
    {
     "castName": "OC",
     "subCastName": "Bengali"
    },
    {
     "castName": "OC",
     "subCastName": "Beri"
    },
    {
     "castName": "OC",
     "subCastName": "Beteyulu"
    },
    {
     "castName": "OC",
     "subCastName": "Bhogala"
    },
    {
     "castName": "OC",
     "subCastName": "Bimje"
    },
    {
     "castName": "OC",
     "subCastName": "Boddipi"
    },
    {
     "castName": "OC",
     "subCastName": "Bomidini"
    },
    {
     "castName": "OC",
     "subCastName": "Bommalata"
    },
    {
     "castName": "OC",
     "subCastName": "Bommalatobomdili"
    },
    {
     "castName": "OC",
     "subCastName": "Bouddulu"
    },
    {
     "castName": "OC",
     "subCastName": "Brahmin"
    },
    {
     "castName": "OC",
     "subCastName": "Bsidya"
    },
    {
     "castName": "OC",
     "subCastName": "Buddist"
    },
    {
     "castName": "OC",
     "subCastName": "Budga Jangam"
    },
    {
     "castName": "OC",
     "subCastName": "Budili"
    },
    {
     "castName": "OC",
     "subCastName": "Bure"
    },
    {
     "castName": "OC",
     "subCastName": "Cangu"
    },
    {
     "castName": "OC",
     "subCastName": "Catholic"
    },
    {
     "castName": "OC",
     "subCastName": "Changu"
    },
    {
     "castName": "OC",
     "subCastName": "Chittepu Reddy"
    },
    {
     "castName": "OC",
     "subCastName": "Chittinagaralu"
    },
    {
     "castName": "OC",
     "subCastName": "Chomuni"
    },
    {
     "castName": "OC",
     "subCastName": "Chowdary"
    },
    {
     "castName": "OC",
     "subCastName": "Christian"
    },
    {
     "castName": "OC",
     "subCastName": "Cintadi Capu"
    },
    {
     "castName": "OC",
     "subCastName": "Citaranalu"
    },
    {
     "castName": "OC",
     "subCastName": "Cittiranalu"
    },
    {
     "castName": "OC",
     "subCastName": "Crukule"
    },
    {
     "castName": "OC",
     "subCastName": "Debar"
    },
    {
     "castName": "OC",
     "subCastName": "Dedha"
    },
    {
     "castName": "OC",
     "subCastName": "Devadari"
    },
    {
     "castName": "OC",
     "subCastName": "Devagandla"
    },
    {
     "castName": "OC",
     "subCastName": "Doodibalji"
    },
    {
     "castName": "OC",
     "subCastName": "Doralu"
    },
    {
     "castName": "OC",
     "subCastName": "Dusad"
    },
    {
     "castName": "OC",
     "subCastName": "Ediga Balija"
    },
    {
     "castName": "OC",
     "subCastName": "Eerava"
    },
    {
     "castName": "OC",
     "subCastName": "Ekila"
    },
    {
     "castName": "OC",
     "subCastName": "Ekiri"
    },
    {
     "castName": "OC",
     "subCastName": "Ellama Naidu"
    },
    {
     "castName": "OC",
     "subCastName": "Ellapi"
    },
    {
     "castName": "OC",
     "subCastName": "Eradan"
    },
    {
     "castName": "OC",
     "subCastName": "Gajula"
    },
    {
     "castName": "OC",
     "subCastName": "Gajula Kapus"
    },
    {
     "castName": "OC",
     "subCastName": "Gandu"
    },
    {
     "castName": "OC",
     "subCastName": "Ganuga"
    },
    {
     "castName": "OC",
     "subCastName": "Gattu"
    },
    {
     "castName": "OC",
     "subCastName": "Gidilu"
    },
    {
     "castName": "OC",
     "subCastName": "Gisidi"
    },
    {
     "castName": "OC",
     "subCastName": "Godu"
    },
    {
     "castName": "OC",
     "subCastName": "Golla Bhagavathula"
    },
    {
     "castName": "OC",
     "subCastName": "Golla Setty"
    },
    {
     "castName": "OC",
     "subCastName": "Gonkila"
    },
    {
     "castName": "OC",
     "subCastName": "Goola"
    },
    {
     "castName": "OC",
     "subCastName": "Gopuda"
    },
    {
     "castName": "OC",
     "subCastName": "Gosai"
    },
    {
     "castName": "OC",
     "subCastName": "Goudu"
    },
    {
     "castName": "OC",
     "subCastName": "Gudisala"
    },
    {
     "castName": "OC",
     "subCastName": "Gudiya"
    },
    {
     "castName": "OC",
     "subCastName": "Gujarathi"
    },
    {
     "castName": "OC",
     "subCastName": "Gummidi"
    },
    {
     "castName": "OC",
     "subCastName": "Gupta"
    },
    {
     "castName": "OC",
     "subCastName": "Guraja"
    },
    {
     "castName": "OC",
     "subCastName": "Gurika"
    },
    {
     "castName": "OC",
     "subCastName": "Gurkha"
    },
    {
     "castName": "OC",
     "subCastName": "Haridasu"
    },
    {
     "castName": "OC",
     "subCastName": "Holuva"
    },
    {
     "castName": "OC",
     "subCastName": "Irla"
    },
    {
     "castName": "OC",
     "subCastName": "Islam"
    },
    {
     "castName": "OC",
     "subCastName": "Jagima"
    },
    {
     "castName": "OC",
     "subCastName": "Jain"
    },
    {
     "castName": "OC",
     "subCastName": "Janapa"
    },
    {
     "castName": "OC",
     "subCastName": "Janapa Chetty"
    },
    {
     "castName": "OC",
     "subCastName": "Janni"
    },
    {
     "castName": "OC",
     "subCastName": "Jetty"
    },
    {
     "castName": "OC",
     "subCastName": "Juwari"
    },
    {
     "castName": "OC",
     "subCastName": "Kabha"
    },
    {
     "castName": "OC",
     "subCastName": "Kalasilu"
    },
    {
     "castName": "OC",
     "subCastName": "Kamchani"
    },
    {
     "castName": "OC",
     "subCastName": "Kamma"
    },
    {
     "castName": "OC",
     "subCastName": "Kannebathula"
    },
    {
     "castName": "OC",
     "subCastName": "Kapu"
    },
    {
     "castName": "OC",
     "subCastName": "Karanam"
    },
    {
     "castName": "OC",
     "subCastName": "Karvan"
    },
    {
     "castName": "OC",
     "subCastName": "Kasala"
    },
    {
     "castName": "OC",
     "subCastName": "Kasha"
    },
    {
     "castName": "OC",
     "subCastName": "Kavali"
    },
    {
     "castName": "OC",
     "subCastName": "Keralians"
    },
    {
     "castName": "OC",
     "subCastName": "Khandiya"
    },
    {
     "castName": "OC",
     "subCastName": "Kodekallu"
    },
    {
     "castName": "OC",
     "subCastName": "Komati"
    },
    {
     "castName": "OC",
     "subCastName": "Koorakula"
    },
    {
     "castName": "OC",
     "subCastName": "Kori"
    },
    {
     "castName": "OC",
     "subCastName": "Korise"
    },
    {
     "castName": "OC",
     "subCastName": "Kshatriya"
    },
    {
     "castName": "OC",
     "subCastName": "Kumbhi"
    },
    {
     "castName": "OC",
     "subCastName": "Kundala"
    },
    {
     "castName": "OC",
     "subCastName": "Kurava"
    },
    {
     "castName": "OC",
     "subCastName": "Labbi"
    },
    {
     "castName": "OC",
     "subCastName": "Linga"
    },
    {
     "castName": "OC",
     "subCastName": "Lingayath"
    },
    {
     "castName": "OC",
     "subCastName": "Lobbu"
    },
    {
     "castName": "OC",
     "subCastName": "Maanadi"
    },
    {
     "castName": "OC",
     "subCastName": "Madimalasetti"
    },
    {
     "castName": "OC",
     "subCastName": "Maguru"
    },
    {
     "castName": "OC",
     "subCastName": "Mahammadeeyulu"
    },
    {
     "castName": "OC",
     "subCastName": "Majjulu"
    },
    {
     "castName": "OC",
     "subCastName": "Malayalis"
    },
    {
     "castName": "OC",
     "subCastName": "Malis"
    },
    {
     "castName": "OC",
     "subCastName": "Malli Setti"
    },
    {
     "castName": "OC",
     "subCastName": "Maraka"
    },
    {
     "castName": "OC",
     "subCastName": "Marakapu"
    },
    {
     "castName": "OC",
     "subCastName": "Maratha"
    },
    {
     "castName": "OC",
     "subCastName": "Marwadies"
    },
    {
     "castName": "OC",
     "subCastName": "Masitla"
    },
    {
     "castName": "OC",
     "subCastName": "Meenan"
    },
    {
     "castName": "OC",
     "subCastName": "Motadi Capu"
    },
    {
     "castName": "OC",
     "subCastName": "Muslim (Other than BC-E sub groups)"
    },
    {
     "castName": "OC",
     "subCastName": "Nada Natar"
    },
    {
     "castName": "OC",
     "subCastName": "Nadam"
    },
    {
     "castName": "OC",
     "subCastName": "Nadar"
    },
    {
     "castName": "OC",
     "subCastName": "Naidu"
    },
    {
     "castName": "OC",
     "subCastName": "Nayakan"
    },
    {
     "castName": "OC",
     "subCastName": "Nayar"
    },
    {
     "castName": "OC",
     "subCastName": "Neele Sale"
    },
    {
     "castName": "OC",
     "subCastName": "Nepali"
    },
    {
     "castName": "OC",
     "subCastName": "Oriya"
    },
    {
     "castName": "OC",
     "subCastName": "Oriya Brahmin"
    },
    {
     "castName": "OC",
     "subCastName": "Oriya Karanam"
    },
    {
     "castName": "OC",
     "subCastName": "Padavalu"
    },
    {
     "castName": "OC",
     "subCastName": "Pakirs"
    },
    {
     "castName": "OC",
     "subCastName": "Pala Dasari"
    },
    {
     "castName": "OC",
     "subCastName": "Palavadu"
    },
    {
     "castName": "OC",
     "subCastName": "Palegaru"
    },
    {
     "castName": "OC",
     "subCastName": "Panari"
    },
    {
     "castName": "OC",
     "subCastName": "PANASA"
    },
    {
     "castName": "OC",
     "subCastName": "Panda"
    },
    {
     "castName": "OC",
     "subCastName": "Pandaram"
    },
    {
     "castName": "OC",
     "subCastName": "Panditha"
    },
    {
     "castName": "OC",
     "subCastName": "Pankali"
    },
    {
     "castName": "OC",
     "subCastName": "Patan"
    },
    {
     "castName": "OC",
     "subCastName": "Patnayak"
    },
    {
     "castName": "OC",
     "subCastName": "Pedaganti Kapu"
    },
    {
     "castName": "OC",
     "subCastName": "Pedakapu"
    },
    {
     "castName": "OC",
     "subCastName": "Pillai"
    },
    {
     "castName": "OC",
     "subCastName": "Poliki"
    },
    {
     "castName": "OC",
     "subCastName": "Polinativelamas"
    },
    {
     "castName": "OC",
     "subCastName": "Poojari"
    },
    {
     "castName": "OC",
     "subCastName": "Poorella"
    },
    {
     "castName": "OC",
     "subCastName": "Poosala Balija"
    },
    {
     "castName": "OC",
     "subCastName": "Prajapathi"
    },
    {
     "castName": "OC",
     "subCastName": "Putti"
    },
    {
     "castName": "OC",
     "subCastName": "Rajput"
    },
    {
     "castName": "OC",
     "subCastName": "Raju"
    },
    {
     "castName": "OC",
     "subCastName": "Ramantamarwar"
    },
    {
     "castName": "OC",
     "subCastName": "Ramdev"
    },
    {
     "castName": "OC",
     "subCastName": "Rasa Putra"
    },
    {
     "castName": "OC",
     "subCastName": "Reddi Yadavulu"
    },
    {
     "castName": "OC",
     "subCastName": "Reddy"
    },
    {
     "castName": "OC",
     "subCastName": "Rowlo"
    },
    {
     "castName": "OC",
     "subCastName": "Sadar"
    },
    {
     "castName": "OC",
     "subCastName": "Sadu Balija"
    },
    {
     "castName": "OC",
     "subCastName": "Saheb"
    },
    {
     "castName": "OC",
     "subCastName": "Samanthya"
    },
    {
     "castName": "OC",
     "subCastName": "Sambuni Kapu"
    },
    {
     "castName": "OC",
     "subCastName": "Sanke"
    },
    {
     "castName": "OC",
     "subCastName": "Sapirulu"
    },
    {
     "castName": "OC",
     "subCastName": "Sara"
    },
    {
     "castName": "OC",
     "subCastName": "Sathar Boyadu"
    },
    {
     "castName": "OC",
     "subCastName": "SAYED"
    },
    {
     "castName": "OC",
     "subCastName": "Sayikapu"
    },
    {
     "castName": "OC",
     "subCastName": "Setti"
    },
    {
     "castName": "OC",
     "subCastName": "Settibalija"
    },
    {
     "castName": "OC",
     "subCastName": "Settikapu"
    },
    {
     "castName": "OC",
     "subCastName": "Settikaruna"
    },
    {
     "castName": "OC",
     "subCastName": "Settikunj"
    },
    {
     "castName": "OC",
     "subCastName": "Shikari"
    },
    {
     "castName": "OC",
     "subCastName": "Sikhs"
    },
    {
     "castName": "OC",
     "subCastName": "SINDHI"
    },
    {
     "castName": "OC",
     "subCastName": "Singh"
    },
    {
     "castName": "OC",
     "subCastName": "Sri Vyshnava"
    },
    {
     "castName": "OC",
     "subCastName": "Srilanka Repatriats"
    },
    {
     "castName": "OC",
     "subCastName": "Sunni(Muslim)"
    },
    {
     "castName": "OC",
     "subCastName": "Tamila Brahmin"
    },
    {
     "castName": "OC",
     "subCastName": "Tamilakompellikar"
    },
    {
     "castName": "OC",
     "subCastName": "Tamilins"
    },
    {
     "castName": "OC",
     "subCastName": "Taranam"
    },
    {
     "castName": "OC",
     "subCastName": "Tebetan"
    },
    {
     "castName": "OC",
     "subCastName": "Telaga"
    },
    {
     "castName": "OC",
     "subCastName": "Telegapamula"
    },
    {
     "castName": "OC",
     "subCastName": "Thalagari"
    },
    {
     "castName": "OC",
     "subCastName": "Tiliwest Bengal"
    },
    {
     "castName": "OC",
     "subCastName": "Vadde Rajulu"
    },
    {
     "castName": "OC",
     "subCastName": "Vaddera Boyala"
    },
    {
     "castName": "OC",
     "subCastName": "Vaishna"
    },
    {
     "castName": "OC",
     "subCastName": "Vaishnava"
    },
    {
     "castName": "OC",
     "subCastName": "Valama"
    },
    {
     "castName": "OC",
     "subCastName": "Valiyar"
    },
    {
     "castName": "OC",
     "subCastName": "Valluvan"
    },
    {
     "castName": "OC",
     "subCastName": "Valluvar Naicken"
    },
    {
     "castName": "OC",
     "subCastName": "Vantara"
    },
    {
     "castName": "OC",
     "subCastName": "Varma"
    },
    {
     "castName": "OC",
     "subCastName": "Vatikar"
    },
    {
     "castName": "OC",
     "subCastName": "Velama"
    },
    {
     "castName": "OC",
     "subCastName": "Velama Reddy"
    },
    {
     "castName": "OC",
     "subCastName": "Vendari"
    },
    {
     "castName": "OC",
     "subCastName": "Vennala"
    },
    {
     "castName": "OC",
     "subCastName": "Vysya"
    },
    {
     "castName": "OC",
     "subCastName": "Warrier"
    },
    {
     "castName": "SC",
     "subCastName": "Adi Andhra"
    },
    {
     "castName": "SC",
     "subCastName": "Adi Andhra"
    },
    {
     "castName": "SC",
     "subCastName": "Adi Dravida"
    },
    {
     "castName": "SC",
     "subCastName": "Adi Dravida"
    },
    {
     "castName": "SC",
     "subCastName": "Anamuk"
    },
    {
     "castName": "SC",
     "subCastName": "Anamuk"
    },
    {
     "castName": "SC",
     "subCastName": "Aray Mala"
    },
    {
     "castName": "SC",
     "subCastName": "Arundhatiya"
    },
    {
     "castName": "SC",
     "subCastName": "Arundhatiya"
    },
    {
     "castName": "SC",
     "subCastName": "Arwa Mala"
    },
    {
     "castName": "SC",
     "subCastName": "Arya Mala"
    },
    {
     "castName": "SC",
     "subCastName": "Bariki"
    },
    {
     "castName": "SC",
     "subCastName": "Bavuri"
    },
    {
     "castName": "SC",
     "subCastName": "Bavuri"
    },
    {
     "castName": "SC",
     "subCastName": "BEDA (BUDGA) JANGAM "
    },
    {
     "castName": "SC",
     "subCastName": "Beda(Budaga) Jangam"
    },
    {
     "castName": "SC",
     "subCastName": "Bindla"
    },
    {
     "castName": "SC",
     "subCastName": "Bindla"
    },
    {
     "castName": "SC",
     "subCastName": "Byagara"
    },
    {
     "castName": "SC",
     "subCastName": "Byagara"
    },
    {
     "castName": "SC",
     "subCastName": "Chachandi"
    },
    {
     "castName": "SC",
     "subCastName": "Chachati"
    },
    {
     "castName": "SC",
     "subCastName": "Chachati"
    },
    {
     "castName": "SC",
     "subCastName": "Chalavadi"
    },
    {
     "castName": "SC",
     "subCastName": "Chalavadi"
    },
    {
     "castName": "SC",
     "subCastName": "Chamar"
    },
    {
     "castName": "SC",
     "subCastName": "Chamar,Mochi,Muchi"
    },
    {
     "castName": "SC",
     "subCastName": "Chambhar"
    },
    {
     "castName": "SC",
     "subCastName": "Chambhar"
    },
    {
     "castName": "SC",
     "subCastName": "Chandala"
    },
    {
     "castName": "SC",
     "subCastName": "Chandala"
    },
    {
     "castName": "SC",
     "subCastName": "Chindollu"
    },
    {
     "castName": "SC",
     "subCastName": "Dakkal"
    },
    {
     "castName": "SC",
     "subCastName": "Dakkal,Dokkalwar"
    },
    {
     "castName": "SC",
     "subCastName": "Dandasi"
    },
    {
     "castName": "SC",
     "subCastName": "Dandasi"
    },
    {
     "castName": "SC",
     "subCastName": "Dhor"
    },
    {
     "castName": "SC",
     "subCastName": "Dhor"
    },
    {
     "castName": "SC",
     "subCastName": "Dokkalwar"
    },
    {
     "castName": "SC",
     "subCastName": "Dom"
    },
    {
     "castName": "SC",
     "subCastName": "Dom,Dombara,Paidi,Pano"
    },
    {
     "castName": "SC",
     "subCastName": "Dombara"
    },
    {
     "castName": "SC",
     "subCastName": "Ellamalawar"
    },
    {
     "castName": "SC",
     "subCastName": "Ellamalawar,Yellammalawandlu"
    },
    {
     "castName": "SC",
     "subCastName": "Ghasi"
    },
    {
     "castName": "SC",
     "subCastName": "Ghasi,Haddi Relli,Chanchandi"
    },
    {
     "castName": "SC",
     "subCastName": "Godagali"
    },
    {
     "castName": "SC",
     "subCastName": "Godagali"
    },
    {
     "castName": "SC",
     "subCastName": "Godari"
    },
    {
     "castName": "SC",
     "subCastName": "Godari"
    },
    {
     "castName": "SC",
     "subCastName": "Gosangi"
    },
    {
     "castName": "SC",
     "subCastName": "Gosangi"
    },
    {
     "castName": "SC",
     "subCastName": "Haddi"
    },
    {
     "castName": "SC",
     "subCastName": "Holeya"
    },
    {
     "castName": "SC",
     "subCastName": "Holeya"
    },
    {
     "castName": "SC",
     "subCastName": "Holeya Dasari"
    },
    {
     "castName": "SC",
     "subCastName": "Holeya Dasari"
    },
    {
     "castName": "SC",
     "subCastName": "Jaggali"
    },
    {
     "castName": "SC",
     "subCastName": "Jaggali"
    },
    {
     "castName": "SC",
     "subCastName": "Jambuvulu"
    },
    {
     "castName": "SC",
     "subCastName": "Jambuvulu"
    },
    {
     "castName": "SC",
     "subCastName": "Kolupulavandlu"
    },
    {
     "castName": "SC",
     "subCastName": "Kolupulvandlu"
    },
    {
     "castName": "SC",
     "subCastName": "Madari Kuruva"
    },
    {
     "castName": "SC",
     "subCastName": "Madasi Kuruva,Madari Kuruva"
    },
    {
     "castName": "SC",
     "subCastName": "Madasi Kurva"
    },
    {
     "castName": "SC",
     "subCastName": "Madiga"
    },
    {
     "castName": "SC",
     "subCastName": "Madiga"
    },
    {
     "castName": "SC",
     "subCastName": "Madiga Dasu"
    },
    {
     "castName": "SC",
     "subCastName": "Madiga Dasu,Mashleen"
    },
    {
     "castName": "SC",
     "subCastName": "Mahar"
    },
    {
     "castName": "SC",
     "subCastName": "Mahar"
    },
    {
     "castName": "SC",
     "subCastName": "Mala"
    },
    {
     "castName": "SC",
     "subCastName": "Mala Dasari"
    },
    {
     "castName": "SC",
     "subCastName": "Mala Dasari"
    },
    {
     "castName": "SC",
     "subCastName": "Mala Dasu"
    },
    {
     "castName": "SC",
     "subCastName": "Mala Dasu"
    },
    {
     "castName": "SC",
     "subCastName": "Mala Hannai"
    },
    {
     "castName": "SC",
     "subCastName": "Mala Jangam"
    },
    {
     "castName": "SC",
     "subCastName": "Mala Masli"
    },
    {
     "castName": "SC",
     "subCastName": "Mala Masti"
    },
    {
     "castName": "SC",
     "subCastName": "Mala Sale"
    },
    {
     "castName": "SC",
     "subCastName": "Mala Sale,Netkani"
    },
    {
     "castName": "SC",
     "subCastName": "Mala Sanyasi"
    },
    {
     "castName": "SC",
     "subCastName": "Mala Sanyasi"
    },
    {
     "castName": "SC",
     "subCastName": "Malahannai"
    },
    {
     "castName": "SC",
     "subCastName": "Malajangam"
    },
    {
     "castName": "SC",
     "subCastName": "Mang"
    },
    {
     "castName": "SC",
     "subCastName": "Mang"
    },
    {
     "castName": "SC",
     "subCastName": "Mang Garodi"
    },
    {
     "castName": "SC",
     "subCastName": "Mang Garodi"
    },
    {
     "castName": "SC",
     "subCastName": "Manne"
    },
    {
     "castName": "SC",
     "subCastName": "Manne"
    },
    {
     "castName": "SC",
     "subCastName": "Mashteen"
    },
    {
     "castName": "SC",
     "subCastName": "Mashti"
    },
    {
     "castName": "SC",
     "subCastName": "Masthi"
    },
    {
     "castName": "SC",
     "subCastName": "Matangi"
    },
    {
     "castName": "SC",
     "subCastName": "Matangi"
    },
    {
     "castName": "SC",
     "subCastName": "Mehtar"
    },
    {
     "castName": "SC",
     "subCastName": "Mehtar"
    },
    {
     "castName": "SC",
     "subCastName": "Mitha Ayyalvar"
    },
    {
     "castName": "SC",
     "subCastName": "Mitha Ayyalvar"
    },
    {
     "castName": "SC",
     "subCastName": "Mochi"
    },
    {
     "castName": "SC",
     "subCastName": "Mochi"
    },
    {
     "castName": "SC",
     "subCastName": "Moti"
    },
    {
     "castName": "SC",
     "subCastName": "Muchi"
    },
    {
     "castName": "SC",
     "subCastName": "Muchi"
    },
    {
     "castName": "SC",
     "subCastName": "Mundala"
    },
    {
     "castName": "SC",
     "subCastName": "Mundala"
    },
    {
     "castName": "SC",
     "subCastName": "Netkani"
    },
    {
     "castName": "SC",
     "subCastName": "Paidi"
    },
    {
     "castName": "SC",
     "subCastName": "Paki,Moti,Thoti"
    },
    {
     "castName": "SC",
     "subCastName": "Paky"
    },
    {
     "castName": "SC",
     "subCastName": "Pambada"
    },
    {
     "castName": "SC",
     "subCastName": "Pambada,Pambanda"
    },
    {
     "castName": "SC",
     "subCastName": "Pambala"
    },
    {
     "castName": "SC",
     "subCastName": "Pambanda"
    },
    {
     "castName": "SC",
     "subCastName": "Pamidi"
    },
    {
     "castName": "SC",
     "subCastName": "Panchama "
    },
    {
     "castName": "SC",
     "subCastName": "Panchama,Pariah"
    },
    {
     "castName": "SC",
     "subCastName": "Pano"
    },
    {
     "castName": "SC",
     "subCastName": "Pariah"
    },
    {
     "castName": "SC",
     "subCastName": "Parnidi"
    },
    {
     "castName": "SC",
     "subCastName": "Relli"
    },
    {
     "castName": "SC",
     "subCastName": "Relli"
    },
    {
     "castName": "SC",
     "subCastName": "Samagara"
    },
    {
     "castName": "SC",
     "subCastName": "Samagara"
    },
    {
     "castName": "SC",
     "subCastName": "Samban"
    },
    {
     "castName": "SC",
     "subCastName": "Samban"
    },
    {
     "castName": "SC",
     "subCastName": "Sapru"
    },
    {
     "castName": "SC",
     "subCastName": "Sapru"
    },
    {
     "castName": "SC",
     "subCastName": "Sindhollu"
    },
    {
     "castName": "SC",
     "subCastName": "Sindhollu,Chindollu"
    },
    {
     "castName": "SC",
     "subCastName": "Valluvan"
    },
    {
     "castName": "SC",
     "subCastName": "Yatala"
    },
    {
     "castName": "SC",
     "subCastName": "Yellamalawandlu"
    },
    {
     "castName": "ST",
     "subCastName": "Andh"
    },
    {
     "castName": "ST",
     "subCastName": "Bagata"
    },
    {
     "castName": "ST",
     "subCastName": "Banjaras"
    },
    {
     "castName": "ST",
     "subCastName": "Bartika"
    },
    {
     "castName": "ST",
     "subCastName": "Bentho Oriya"
    },
    {
     "castName": "ST",
     "subCastName": "Bhil"
    },
    {
     "castName": "ST",
     "subCastName": "Bhine Koya"
    },
    {
     "castName": "ST",
     "subCastName": "Boda Gadaba"
    },
    {
     "castName": "ST",
     "subCastName": "Chella Yenadi"
    },
    {
     "castName": "ST",
     "subCastName": "Chenchu"
    },
    {
     "castName": "ST",
     "subCastName": "Dabba Yerukula"
    },
    {
     "castName": "ST",
     "subCastName": "Desaya Kondhs"
    },
    {
     "castName": "ST",
     "subCastName": "Dhulia"
    },
    {
     "castName": "ST",
     "subCastName": "Doli Koya"
    },
    {
     "castName": "ST",
     "subCastName": "Dongria Kondhs"
    },
    {
     "castName": "ST",
     "subCastName": "Dulia"
    },
    {
     "castName": "ST",
     "subCastName": "Gadabas"
    },
    {
     "castName": "ST",
     "subCastName": "Girijan"
    },
    {
     "castName": "ST",
     "subCastName": "Gond"
    },
    {
     "castName": "ST",
     "subCastName": "Goudu (in the Agency tracks)"
    },
    {
     "castName": "ST",
     "subCastName": "Gutob Gadaba"
    },
    {
     "castName": "ST",
     "subCastName": "Gutta Koya"
    },
    {
     "castName": "ST",
     "subCastName": "Hill Reddies"
    },
    {
     "castName": "ST",
     "subCastName": "Holva"
    },
    {
     "castName": "ST",
     "subCastName": "Jatapus"
    },
    {
     "castName": "ST",
     "subCastName": "Kallayi Gadaba"
    },
    {
     "castName": "ST",
     "subCastName": "Kammara"
    },
    {
     "castName": "ST",
     "subCastName": "Kammara Koya"
    },
    {
     "castName": "ST",
     "subCastName": "Kappala Yenadi"
    },
    {
     "castName": "ST",
     "subCastName": "Kapu Gadaba"
    },
    {
     "castName": "ST",
     "subCastName": "Kapu Savaras"
    },
    {
     "castName": "ST",
     "subCastName": "Kathera Gadaba"
    },
    {
     "castName": "ST",
     "subCastName": "Kattunayakan"
    },
    {
     "castName": "ST",
     "subCastName": "Khondhs"
    },
    {
     "castName": "ST",
     "subCastName": "Khutto Savaras"
    },
    {
     "castName": "ST",
     "subCastName": "Khutto Savaras"
    },
    {
     "castName": "ST",
     "subCastName": "Kodhs, Desaya Kondhs"
    },
    {
     "castName": "ST",
     "subCastName": "Kodhu"
    },
    {
     "castName": "ST",
     "subCastName": "Kodi"
    },
    {
     "castName": "ST",
     "subCastName": "Koitur"
    },
    {
     "castName": "ST",
     "subCastName": "Kolam"
    },
    {
     "castName": "ST",
     "subCastName": "Kolawar"
    },
    {
     "castName": "ST",
     "subCastName": "Konda Dhoras"
    },
    {
     "castName": "ST",
     "subCastName": "Konda Kapus"
    },
    {
     "castName": "ST",
     "subCastName": "Kondadora"
    },
    {
     "castName": "ST",
     "subCastName": "Kondareddis"
    },
    {
     "castName": "ST",
     "subCastName": "Kondhs"
    },
    {
     "castName": "ST",
     "subCastName": "Koracha"
    },
    {
     "castName": "ST",
     "subCastName": "Kotia"
    },
    {
     "castName": "ST",
     "subCastName": "Kottu Koya"
    },
    {
     "castName": "ST",
     "subCastName": "Koya"
    },
    {
     "castName": "ST",
     "subCastName": "Kubi"
    },
    {
     "castName": "ST",
     "subCastName": "Kulia"
    },
    {
     "castName": "ST",
     "subCastName": "Kunchapuri Yerukula"
    },
    {
     "castName": "ST",
     "subCastName": "Kurvikaran"
    },
    {
     "castName": "ST",
     "subCastName": "Kuttiya Kondhs"
    },
    {
     "castName": "ST",
     "subCastName": "Kuvinga"
    },
    {
     "castName": "ST",
     "subCastName": "Lambadis"
    },
    {
     "castName": "ST",
     "subCastName": "Lingadhari Koya (ordinary)"
    },
    {
     "castName": "ST",
     "subCastName": "Malis"
    },
    {
     "castName": "ST",
     "subCastName": "Maliya Savaras"
    },
    {
     "castName": "ST",
     "subCastName": "Manchi Yenadi"
    },
    {
     "castName": "ST",
     "subCastName": "Manna Dhora"
    },
    {
     "castName": "ST",
     "subCastName": "Mannevarlu"
    },
    {
     "castName": "ST",
     "subCastName": "Mukha Dhora"
    },
    {
     "castName": "ST",
     "subCastName": "Musara Koya"
    },
    {
     "castName": "ST",
     "subCastName": "Naikpod"
    },
    {
     "castName": "ST",
     "subCastName": "Nakkala"
    },
    {
     "castName": "ST",
     "subCastName": "Nayaka"
    },
    {
     "castName": "ST",
     "subCastName": "Nayaks"
    },
    {
     "castName": "ST",
     "subCastName": "Nayaks (in the Agency tracks)"
    },
    {
     "castName": "ST",
     "subCastName": "Nooka Dhora"
    },
    {
     "castName": "ST",
     "subCastName": "Oddi Koya"
    },
    {
     "castName": "ST",
     "subCastName": "Paiko"
    },
    {
     "castName": "ST",
     "subCastName": "Parangi Gadaba"
    },
    {
     "castName": "ST",
     "subCastName": "Parangiperja"
    },
    {
     "castName": "ST",
     "subCastName": "Pardhan"
    },
    {
     "castName": "ST",
     "subCastName": "Pattidi Koya"
    },
    {
     "castName": "ST",
     "subCastName": "Porja"
    },
    {
     "castName": "ST",
     "subCastName": "Putiya"
    },
    {
     "castName": "ST",
     "subCastName": "Rajah"
    },
    {
     "castName": "ST",
     "subCastName": "Rajgond"
    },
    {
     "castName": "ST",
     "subCastName": "Rajkoya"
    },
    {
     "castName": "ST",
     "subCastName": "RashaKoya"
    },
    {
     "castName": "ST",
     "subCastName": "Reddi Dhoras"
    },
    {
     "castName": "ST",
     "subCastName": "Reddi Yenadi"
    },
    {
     "castName": "ST",
     "subCastName": "Rena"
    },
    {
     "castName": "ST",
     "subCastName": "Rona"
    },
    {
     "castName": "ST",
     "subCastName": "Sadhu Andh"
    },
    {
     "castName": "ST",
     "subCastName": "Sanrona"
    },
    {
     "castName": "ST",
     "subCastName": "Savaras"
    },
    {
     "castName": "ST",
     "subCastName": "Sidhopaiko"
    },
    {
     "castName": "ST",
     "subCastName": "Sugalis"
    },
    {
     "castName": "ST",
     "subCastName": "Thoti"
    },
    {
     "castName": "ST",
     "subCastName": "Tikiria Kondhs"
    },
    {
     "castName": "ST",
     "subCastName": "Uppu Yerukula"
    },
    {
     "castName": "ST",
     "subCastName": "Valmiki (in the Agency tracks)"
    },
    {
     "castName": "ST",
     "subCastName": "Yenadis"
    },
    {
     "castName": "ST",
     "subCastName": "Yenity Kondhs"
    },
    {
     "castName": "ST",
     "subCastName": "Yerukulas"
    }
   ]